title,brand,price,description,images
GIÀY ÐÁ BÓNG C? NHÂN T?O NMS MAESTRI 1.0 TF - BLUE/WHITE MAE1400,NMS,"729,000þ",,"['https://cdn.hstatic.net/products/1000061481/nms_maestri_xanh_duong-02_07d568bec0e64794b54b66afaf73c73d_1024x1024.jpg', 'https://cdn.hstatic.net/products/1000061481/nms_maestri_xanh_duong-06_68c05e04737f4d71883ec27365bd76f0_small.jpg', 'https://cdn.hstatic.net/products/1000061481/nms_maestri_xanh_duong-03_8ea233e7c07f450481ded4e0ad4894c6_small.jpg', 'https://cdn.hstatic.net/products/1000061481/avatar_nms_maestri2-03_8393d93ed0664281b76a0f439180ff12_1024x1024.jpg', 'https://cdn.hstatic.net/products/1000061481/nms_maestri_xanh_duong-04_64541ab96f64456286c7e4a4c82277bc_1024x1024.jpg', 'https://cdn.hstatic.net/products/1000061481/nms_maestri_xanh_duong-06_68c05e04737f4d71883ec27365bd76f0_1024x1024.jpg', 'https://cdn.hstatic.net/products/1000061481/nms_maestri_xanh_duong-01_dad3f6abebd542a38adf0f16e5d612e0_small.jpg', 'https://cdn.hstatic.net/products/1000061481/avatar_nms_maestri2-03_8393d93ed0664281b76a0f439180ff12_small.jpg', 'https://cdn.hstatic.net/products/1000061481/nms_maestri_xanh_duong-05_fbe0f802b6c64420841bbe6c9b7d9434_1024x1024.jpg', 'https://cdn.hstatic.net/products/1000061481/nms_maestri_xanh_duong-04_64541ab96f64456286c7e4a4c82277bc_small.jpg', 'https://cdn.hstatic.net/products/1000061481/anh_sp_ad78d-01-01-5793_8ec5b7cec1b84f2f8faa00e061497b5e_small.jpg', 'https://cdn.hstatic.net/1000061481/file/bang_tinh_size_giay_nms-01_fdcbd7996cb845d291d7ab89de5ea9c5_2048x2048.jpg', 'https://cdn.hstatic.net/products/1000061481/nms_maestri_xanh_duong-01_dad3f6abebd542a38adf0f16e5d612e0_1024x1024.jpg', 'https://cdn.hstatic.net/files/1000061481/file/11_0cc356365f50470a9a4a767dcbf25a8f_2048x2048.jpg', 'https://cdn.hstatic.net/products/1000061481/nms_maestri_xanh_duong-02_07d568bec0e64794b54b66afaf73c73d_small.jpg', 'https://cdn.hstatic.net/products/1000061481/nms_maestri_xanh_duong-03_8ea233e7c07f450481ded4e0ad4894c6_1024x1024.jpg', 'https://cdn.hstatic.net/products/1000061481/anh_sp_ad78d-01-01-5793_8ec5b7cec1b84f2f8faa00e061497b5e_1024x1024.jpg', 'https://cdn.hstatic.net/files/1000061481/file/12_6189dbe14dc048f2bf50d4328db8ac97_2048x2048.jpg', 'https://cdn.hstatic.net/files/1000061481/file/10_232e664977d0450395d884b6b8d91017_2048x2048.jpg', 'https://cdn.hstatic.net/products/1000061481/nms_maestri_xanh_duong-05_fbe0f802b6c64420841bbe6c9b7d9434_small.jpg']"
GIÀY ÐÁ BÓNG C? NHÂN T?O ADIDAS F50 LEAGUE TF CORAL BLAZE - BEAM ORANGE/LUCID BLUE/FOOTWEAR WHITE JH7723,Adidas,"2,400,000þ",,"['https://cdn.hstatic.net/products/1000061481/dsc07813_a3d3650b02ff4ec388a1e96cc875e325_small.jpg', 'https://cdn.hstatic.net/files/1000061481/file/2222_f8ee808457c749eb9dcab9e07f271c62_2048x2048.jpg', 'https://cdn.hstatic.net/products/1000061481/anh_sp_add778-3_59f8ca7be2914fb28ef3e5b2e3325b9d_small.jpg', 'https://cdn.hstatic.net/products/1000061481/dsc07814_f34bbbe754424dc5afc51df682b7c387_1024x1024.jpg', 'https://cdn.hstatic.net/files/1000061481/file/222_4d10e79ea9724efea29e7ea949edf204_2048x2048.jpg', 'https://cdn.hstatic.net/files/1000061481/file/2_cf8463a086884b58a83622ebefee861d_2048x2048.jpg', 'https://cdn.hstatic.net/products/1000061481/dsc07811_8bb585c67e724a9eb2665503d663c734_1024x1024.jpg', 'https://cdn.hstatic.net/products/1000061481/dsc07812_f26370f3239048adb72d057ccf32d641_1024x1024.jpg', 'https://cdn.hstatic.net/products/1000061481/dsc07814_f34bbbe754424dc5afc51df682b7c387_small.jpg', 'https://cdn.hstatic.net/products/1000061481/dsc07817_ef56fb03146541958009019f3933c84c_1024x1024.jpg', 'https://cdn.hstatic.net/products/1000061481/dsc07818_03cb62b6ccf3468692eb96e18ac30990_1024x1024.jpg', 'https://cdn.hstatic.net/products/1000061481/dsc07816_9a134632cd0a4837ae5892c55700d5e0_1024x1024.jpg', 'https://cdn.hstatic.net/products/1000061481/dsc07811_8bb585c67e724a9eb2665503d663c734_small.jpg', 'https://cdn.hstatic.net/products/1000061481/dsc07813_a3d3650b02ff4ec388a1e96cc875e325_1024x1024.jpg', 'https://cdn.hstatic.net/products/1000061481/dsc07815_db44f27821d5417996203c7d6bc7001b_1024x1024.jpg', 'https://cdn.hstatic.net/products/1000061481/dsc07816_9a134632cd0a4837ae5892c55700d5e0_small.jpg', 'https://cdn.hstatic.net/files/1000061481/file/22_7deb3d08c90047de981a56ac27a44fe6_2048x2048.jpg', 'https://cdn.hstatic.net/products/1000061481/dsc07817_ef56fb03146541958009019f3933c84c_small.jpg', 'https://cdn.hstatic.net/products/1000061481/anh_sp_add778-3_59f8ca7be2914fb28ef3e5b2e3325b9d_1024x1024.jpg', 'https://cdn.hstatic.net/products/1000061481/dsc07812_f26370f3239048adb72d057ccf32d641_small.jpg', 'https://cdn.hstatic.net/products/1000061481/dsc07818_03cb62b6ccf3468692eb96e18ac30990_small.jpg', 'https://cdn.hstatic.net/products/1000061481/dsc07815_db44f27821d5417996203c7d6bc7001b_small.jpg']"
GIÀY ÐÁ BÓNG C? NHÂN T?O NMS SUPER FLASH TF - WHITE/BLACK/SILVER,NMS,"450,000þ",,"['https://cdn.hstatic.net/products/1000061481/nms_superflash_trang_bac-02_8a1cbf6c66954f1085b44e9b9437486c_1024x1024.jpg', 'https://cdn.hstatic.net/products/1000061481/nms_superflash_trang_bac-03_e52d6e82041044fa8efd968d2d400259_1024x1024.jpg', 'https://cdn.hstatic.net/products/1000061481/nms_superflash_trang_bac-02_8a1cbf6c66954f1085b44e9b9437486c_small.jpg', 'https://cdn.hstatic.net/products/1000061481/nms_superflash_trang_bac-03_e52d6e82041044fa8efd968d2d400259_small.jpg', 'https://cdn.hstatic.net/products/1000061481/nms_superflash_trang_bac-04_755b96c5218d491a972183a50b1b6fd0_small.jpg', 'https://cdn.hstatic.net/1000061481/file/bang_tinh_size_giay_nms-01_fdcbd7996cb845d291d7ab89de5ea9c5_2048x2048.jpg', 'https://cdn.hstatic.net/files/1000061481/file/8_f170d614c614416481b91f780d8f91e9_2048x2048.jpg', 'https://cdn.hstatic.net/products/1000061481/anh_sp_add-01-01-5777823-12_8992796f06874ec5bbfe9a2b6dc2d1e2_small.jpg', 'https://cdn.hstatic.net/products/1000061481/anh_sp_add-01-01-5777823-12_8992796f06874ec5bbfe9a2b6dc2d1e2_1024x1024.jpg', 'https://cdn.hstatic.net/products/1000061481/nms_superflash_trang_bac-06_818834e0b6f14ca3a43f2f479ea4c5bc_1024x1024.jpg', 'https://cdn.hstatic.net/products/1000061481/nms_superflash_trang_bac-05_81a1046144b54308a66eff91ffb48568_small.jpg', 'https://cdn.hstatic.net/products/1000061481/nms_superflash_trang_bac-01_57253fda069b4f7cb5c375078fa61b02_1024x1024.jpg', 'https://cdn.hstatic.net/files/1000061481/file/4_432fe54aa1fa4240ad721aaf1f1dc1d5_2048x2048.jpg', 'https://cdn.hstatic.net/products/1000061481/nms_superflash_trang_bac-01_57253fda069b4f7cb5c375078fa61b02_small.jpg', 'https://cdn.hstatic.net/products/1000061481/nms_superflash_trang_bac-06_818834e0b6f14ca3a43f2f479ea4c5bc_small.jpg', 'https://cdn.hstatic.net/products/1000061481/nms_superflash_trang_bac-04_755b96c5218d491a972183a50b1b6fd0_1024x1024.jpg', 'https://cdn.hstatic.net/products/1000061481/nms_superflash_trang_bac-05_81a1046144b54308a66eff91ffb48568_1024x1024.jpg']"
GIÀY ÐÁ BÓNG C? NHÂN T?O ADIDAS F50 PRO TF CORAL BLAZE - BEAM ORANGE/LUCID BLUE/FOOTWEAR WHITE JH7664,Adidas,"3,500,000þ",,"['https://cdn.hstatic.net/products/1000061481/dsc07820_139b09adfeaa41f4a2d245d02ea071d5_small.jpg', 'https://cdn.hstatic.net/products/1000061481/dsc07823_273242c7b9304d4ba872637755000f74_small.jpg', 'https://cdn.hstatic.net/files/1000061481/file/3_a56747fe76714b32a84e6b356434fe97_2048x2048.jpg', 'https://cdn.hstatic.net/products/1000061481/dsc07826_b39abc6a5d864769a75ab2e043ad8884_1024x1024.jpg', 'https://cdn.hstatic.net/products/1000061481/anh_sp_add77-01775738-2_13dcf1f56b39482289359476be9acae6_small.jpg', 'https://cdn.hstatic.net/products/1000061481/dsc07824_7b58086a339242a59239f207280e5243_small.jpg', 'https://cdn.hstatic.net/products/1000061481/dsc07820_139b09adfeaa41f4a2d245d02ea071d5_1024x1024.jpg', 'https://cdn.hstatic.net/products/1000061481/dsc07826_b39abc6a5d864769a75ab2e043ad8884_small.jpg', 'https://cdn.hstatic.net/products/1000061481/dsc07825_c67a5d483e354201b2dd5e0dfb33dfb1_1024x1024.jpg', 'https://cdn.hstatic.net/products/1000061481/dsc07821_fb44fdb689564496af6f55fda51f7c11_1024x1024.jpg', 'https://cdn.hstatic.net/files/1000061481/file/33_19c298bce99344859f2fc33bc528c93f_2048x2048.jpg', 'https://cdn.hstatic.net/products/1000061481/dsc07822_e65fed729a9c4501b10655747c2612ed_1024x1024.jpg', 'https://cdn.hstatic.net/products/1000061481/anh_sp_add77-01775738-2_13dcf1f56b39482289359476be9acae6_1024x1024.jpg', 'https://cdn.hstatic.net/products/1000061481/dsc07825_c67a5d483e354201b2dd5e0dfb33dfb1_small.jpg', 'https://cdn.hstatic.net/files/1000061481/file/3333_79c8e982c4cb4477ad5f2bb1172a7e22_2048x2048.jpg', 'https://cdn.hstatic.net/files/1000061481/file/333333_5ccb1f9bcfdf47b29c3c510302c15328_2048x2048.jpg', 'https://cdn.hstatic.net/products/1000061481/dsc07821_fb44fdb689564496af6f55fda51f7c11_small.jpg', 'https://cdn.hstatic.net/products/1000061481/dsc07822_e65fed729a9c4501b10655747c2612ed_small.jpg', 'https://cdn.hstatic.net/products/1000061481/dsc07827_6a4e0165745b4092af059e3d65d65beb_small.jpg', 'https://cdn.hstatic.net/products/1000061481/dsc07823_273242c7b9304d4ba872637755000f74_1024x1024.jpg', 'https://cdn.hstatic.net/products/1000061481/dsc07827_6a4e0165745b4092af059e3d65d65beb_1024x1024.jpg', 'https://cdn.hstatic.net/products/1000061481/dsc07824_7b58086a339242a59239f207280e5243_1024x1024.jpg']"
GIÀY ÐÁ BÓNG C? NHÂN T?O NMS MAESTRI 1.0 TF - ORANGE/SILVER MAE1300,NMS,"729,000þ",,"['https://cdn.hstatic.net/products/1000061481/nms_maestri_v_ng-05_5b55356233fd42f7a4b93847ec2574a3_1024x1024.jpg', 'https://cdn.hstatic.net/products/1000061481/nms_maestri_v_ng-02_f85d5ab56b5f414e8664691a54bed42c_small.jpg', 'https://cdn.hstatic.net/products/1000061481/nms_maestri_v_ng-03_3e222beec04b464f8a18a699b017c257_small.jpg', 'https://cdn.hstatic.net/products/1000061481/nms_maestri_v_ng-03_3e222beec04b464f8a18a699b017c257_1024x1024.jpg', 'https://cdn.hstatic.net/products/1000061481/nms_maestri_v_ng-05_5b55356233fd42f7a4b93847ec2574a3_small.jpg', 'https://cdn.hstatic.net/products/1000061481/anh_sp_ad78d-06781-0893_137ee29dfe99445d848eab9ea8a11680_small.jpg', 'https://cdn.hstatic.net/products/1000061481/avatar_nms_maestri2-03_74a8e346b0054cf195ac4d33f1e46cf1_small.jpg', 'https://cdn.hstatic.net/products/1000061481/nms_maestri_v_ng-01_5f164928e64b40d58d6be43d5ababcf1_small.jpg', 'https://cdn.hstatic.net/products/1000061481/anh_sp_ad78d-06781-0893_137ee29dfe99445d848eab9ea8a11680_1024x1024.jpg', 'https://cdn.hstatic.net/products/1000061481/nms_maestri_v_ng-04_5f6370d4a24742379b9e18eec6b39e6f_1024x1024.jpg', 'https://cdn.hstatic.net/products/1000061481/nms_maestri_v_ng-06_2fdc5d9dd8fa443b85e1175792a90d15_small.jpg', 'https://cdn.hstatic.net/files/1000061481/file/4_f49cab17ffd14b10b64fedae9091a9c3_2048x2048.jpg', 'https://cdn.hstatic.net/products/1000061481/nms_maestri_v_ng-01_5f164928e64b40d58d6be43d5ababcf1_1024x1024.jpg', 'https://cdn.hstatic.net/1000061481/file/bang_tinh_size_giay_nms-01_fdcbd7996cb845d291d7ab89de5ea9c5_2048x2048.jpg', 'https://cdn.hstatic.net/products/1000061481/nms_maestri_v_ng-02_f85d5ab56b5f414e8664691a54bed42c_1024x1024.jpg', 'https://cdn.hstatic.net/files/1000061481/file/5_800c575b1c7e43519b8c96dbb6030f5e_2048x2048.jpg', 'https://cdn.hstatic.net/products/1000061481/avatar_nms_maestri2-03_74a8e346b0054cf195ac4d33f1e46cf1_1024x1024.jpg', 'https://cdn.hstatic.net/files/1000061481/file/6_07b03459e5bf4e72bc425dc6927075ab_2048x2048.jpg', 'https://cdn.hstatic.net/products/1000061481/nms_maestri_v_ng-06_2fdc5d9dd8fa443b85e1175792a90d15_1024x1024.jpg', 'https://cdn.hstatic.net/products/1000061481/nms_maestri_v_ng-04_5f6370d4a24742379b9e18eec6b39e6f_small.jpg']"
QU? BÓNG ÐÁ ADIDAS FOOTBALL TRIONDA PRO WORLD CUP 2026 MATCH BALL - WHITE/SOLAR BLUE/HI-RES RED/SOLAR LIME JD8021,Adidas,"3,300,000þ",,"['https://cdn.hstatic.net/products/1000061481/dsc07785_6f22d50f2ec14373a37c1d554a500526_small.jpg', 'https://cdn.hstatic.net/files/1000061481/file/12_a2f4bf7be4334f98b015810cf30bf048_2048x2048.jpg', 'https://cdn.hstatic.net/products/1000061481/dsc07783_93d79981210549f493ac3de9151d6105_small.jpg', 'https://cdn.hstatic.net/products/1000061481/dsc07787_1077d4d87adc48cda2d23f3345aa5687_1024x1024.jpg', 'https://cdn.hstatic.net/files/1000061481/file/13_c31c87066d6c4d79abb51fbc750e6bdb_2048x2048.jpg', 'https://cdn.hstatic.net/products/1000061481/dsc07780_773a1be6cb634849a9be7d0d26e1dca0_small.jpg', 'https://cdn.hstatic.net/files/1000061481/file/14_ded965563fbb4d05b65aea4b6d0178c6_2048x2048.jpg', 'https://cdn.hstatic.net/products/1000061481/dsc07785_6f22d50f2ec14373a37c1d554a500526_1024x1024.jpg', 'https://cdn.hstatic.net/products/1000061481/dsc07783_93d79981210549f493ac3de9151d6105_1024x1024.jpg', 'https://cdn.hstatic.net/products/1000061481/dsc07786-2_85caac3cb9104a70a6e3e9c0e4718d87_1024x1024.jpg', 'https://cdn.hstatic.net/products/1000061481/dsc07787_1077d4d87adc48cda2d23f3345aa5687_small.jpg', 'https://cdn.hstatic.net/products/1000061481/dsc07786-2_85caac3cb9104a70a6e3e9c0e4718d87_small.jpg', 'https://cdn.hstatic.net/products/1000061481/dsc07780_773a1be6cb634849a9be7d0d26e1dca0_1024x1024.jpg']"
GIÀY ÐÁ BÓNG C? NHÂN T?O ZOCKER INSPIRE PRO GEN 2 - WHITE/PINK SNS-009,Zocker,"759,000þ",,"['https://cdn.hstatic.net/products/1000061481/dsc07390-2_c56b2ee4825c4b7bbe44f972bb44ab9e_1024x1024.jpg', 'https://cdn.hstatic.net/products/1000061481/dsc07389-2_170f781bda0f480891489f8eee58252e_1024x1024.jpg', 'https://cdn.hstatic.net/products/1000061481/dsc07387-2_f78680ad0ded478a9bcfe6efd068000e_small.jpg', 'https://cdn.hstatic.net/products/1000061481/anh_sp_add_web_3-98891-01-01-01-04-03-03-03-022-2_7be8dd98fac24881b509a02c13a85671_1024x1024.jpg', 'https://cdn.hstatic.net/products/1000061481/anh_sp_add_web_3-98891-01-01-01-04-03-03-03-022-2_7be8dd98fac24881b509a02c13a85671_small.jpg', 'https://cdn.hstatic.net/files/1000061481/file/2_2bded13890064116ab6c647b598ccec7_2048x2048.jpg', 'https://cdn.hstatic.net/products/1000061481/dsc07387-2_f78680ad0ded478a9bcfe6efd068000e_1024x1024.jpg', 'https://cdn.hstatic.net/products/1000061481/dsc07383-2_ce12ec587fc645439b0f81a75c77478b_1024x1024.jpg', 'https://cdn.hstatic.net/products/1000061481/dsc07388-2_bffe97fd74994c2cb9667d4eccdf37a0_small.jpg', 'https://cdn.hstatic.net/products/1000061481/dsc07388-2_bffe97fd74994c2cb9667d4eccdf37a0_1024x1024.jpg', 'https://cdn.hstatic.net/files/1000061481/file/4_9172b7785859489faf9a0fb1fd623334_2048x2048.jpg', 'https://cdn.hstatic.net/files/1000061481/file/1_7c56135a0b0f4077a7e491500d2d7984_2048x2048.jpg', 'https://cdn.hstatic.net/products/1000061481/dsc07384-2_2bf23f96556c429d99a5397fe57f77c8_small.jpg', 'https://cdn.hstatic.net/products/1000061481/dsc07389-2_170f781bda0f480891489f8eee58252e_small.jpg', 'https://cdn.hstatic.net/products/1000061481/dsc07386-2_0c1141d4a698495489cb52cf09a0668b_1024x1024.jpg', 'https://cdn.hstatic.net/files/1000061481/file/3_d3442e0ef1a243da9bda5d3b5eb6d26d_2048x2048.jpg', 'https://cdn.hstatic.net/products/1000061481/dsc07390-2_c56b2ee4825c4b7bbe44f972bb44ab9e_small.jpg', 'https://cdn.hstatic.net/products/1000061481/dsc07385-3_3e4b59641d6a4fea905656f8636eb81e_small.jpg', 'https://cdn.hstatic.net/products/1000061481/dsc07386-2_0c1141d4a698495489cb52cf09a0668b_small.jpg', 'https://cdn.hstatic.net/products/1000061481/dsc07384-2_2bf23f96556c429d99a5397fe57f77c8_1024x1024.jpg', 'https://cdn.hstatic.net/products/1000061481/dsc07383-2_ce12ec587fc645439b0f81a75c77478b_small.jpg', 'https://cdn.hstatic.net/products/1000061481/dsc07385-3_3e4b59641d6a4fea905656f8636eb81e_1024x1024.jpg']"
QU? BÓNG ÐÁ ADIDAS FOOTBALL TRIONDA LEAGUE BOX WORLD CUP 2026 - WHITE/ROYAL BLUE/HI-RES RED/SOLAR LIME JD8045,Adidas,"950,000þ",,"['https://cdn.hstatic.net/files/1000061481/file/16_8545180b3459421692aa56d87cd64656_2048x2048.jpg', 'https://cdn.hstatic.net/products/1000061481/dsc07792_554c0fc979514e3fb9cf8487cb943e04_1024x1024.jpg', 'https://cdn.hstatic.net/products/1000061481/dsc07790_18f9e846fb8d4afaa39519fd7979416d_small.jpg', 'https://cdn.hstatic.net/files/1000061481/file/17_a81ab9a34c3a415982b4995251adaa79_2048x2048.jpg', 'https://cdn.hstatic.net/products/1000061481/dsc07791-2_6fa74785f44649c782f16d2ef20430b3_small.jpg', 'https://cdn.hstatic.net/products/1000061481/dsc07788_9a58ce4f1c9d45bd9f44607cd6272f8e_small.jpg', 'https://cdn.hstatic.net/products/1000061481/dsc07793_1547a7d0cf814573aa56b6fc4296e5aa_1024x1024.jpg', 'https://cdn.hstatic.net/products/1000061481/dsc07791-2_6fa74785f44649c782f16d2ef20430b3_1024x1024.jpg', 'https://cdn.hstatic.net/products/1000061481/dsc07790_18f9e846fb8d4afaa39519fd7979416d_1024x1024.jpg', 'https://cdn.hstatic.net/products/1000061481/dsc07794_f2589ea177e340318a8eb50e3202d4f8_1024x1024.jpg', 'https://cdn.hstatic.net/products/1000061481/dsc07794_f2589ea177e340318a8eb50e3202d4f8_small.jpg', 'https://cdn.hstatic.net/products/1000061481/dsc07793_1547a7d0cf814573aa56b6fc4296e5aa_small.jpg', 'https://cdn.hstatic.net/products/1000061481/dsc07792_554c0fc979514e3fb9cf8487cb943e04_small.jpg', 'https://cdn.hstatic.net/files/1000061481/file/15_62ec68f70f5b481886e5b0632b1357d6_2048x2048.jpg', 'https://cdn.hstatic.net/products/1000061481/dsc07788_9a58ce4f1c9d45bd9f44607cd6272f8e_1024x1024.jpg']"
GIÀY ÐÁ BÓNG C? NHÂN T?O MIZUNO MORELIA SALA MADE IN JAPAN AS TF RED RUBY - RED/WHITE Q1GB250260,Mizuno,"4,300,000þ",,"['https://cdn.hstatic.net/products/1000061481/dsc05933_b500ffd3362e43f9a1a9c01c504298e1_small.jpg', 'https://cdn.hstatic.net/products/1000061481/dsc05925_4cb4311e75f84e939cca9fd5b168bd1c_1024x1024.jpg', 'https://cdn.hstatic.net/products/1000061481/dsc05933_b500ffd3362e43f9a1a9c01c504298e1_1024x1024.jpg', 'https://cdn.hstatic.net/products/1000061481/dsc05927_fdd40579dd4e47f5b72099d4d4b0c55b_1024x1024.jpg', 'https://cdn.hstatic.net/products/1000061481/dsc05922_3b855248238b415ebbeecd440e6da847_small.jpg', 'https://cdn.hstatic.net/products/1000061481/dsc05922_3b855248238b415ebbeecd440e6da847_1024x1024.jpg', 'https://cdn.hstatic.net/products/1000061481/dsc05927_fdd40579dd4e47f5b72099d4d4b0c55b_small.jpg', 'https://cdn.hstatic.net/products/1000061481/dsc05923_0f11c554d41140f98e7fd537dca68608_small.jpg', 'https://cdn.hstatic.net/products/1000061481/dsc05921_abdfe7e141df4c69aeddf0b76e92a222_1024x1024.jpg', 'https://cdn.hstatic.net/products/1000061481/dsc05925_4cb4311e75f84e939cca9fd5b168bd1c_small.jpg', 'https://cdn.hstatic.net/products/1000061481/dsc05921_abdfe7e141df4c69aeddf0b76e92a222_small.jpg', 'https://cdn.hstatic.net/products/1000061481/anh_sp_add_web_4-02-02-01-01-01-01-01-02-02-02-02-02-001-02-01-2-2_3b721013f4a444488a0ea6a618556b8a_1024x1024.jpg', 'https://cdn.hstatic.net/products/1000061481/dsc05924_a79c00b24c994602aeacf41162ba46d5_1024x1024.jpg', 'https://cdn.hstatic.net/products/1000061481/dsc05926_64d3ca74e77a43c88cb9590b5dc49f23_small.jpg', 'https://cdn.hstatic.net/products/1000061481/dsc05920_acc350051cd24ecda301691704278743_small.jpg', 'https://cdn.hstatic.net/products/1000061481/dsc05923_0f11c554d41140f98e7fd537dca68608_1024x1024.jpg', 'https://cdn.hstatic.net/products/1000061481/dsc05920_acc350051cd24ecda301691704278743_1024x1024.jpg', 'https://cdn.hstatic.net/products/1000061481/dsc05924_a79c00b24c994602aeacf41162ba46d5_small.jpg', 'https://cdn.hstatic.net/products/1000061481/dsc05926_64d3ca74e77a43c88cb9590b5dc49f23_1024x1024.jpg', 'https://cdn.hstatic.net/products/1000061481/anh_sp_add_web_4-02-02-01-01-01-01-01-02-02-02-02-02-001-02-01-2-2_3b721013f4a444488a0ea6a618556b8a_small.jpg']"
GIÀY ÐÁ BÓNG C? NHÂN T?O MIZUNO MORELIA NEO SALA BETA MADE IN JAPAN TF RED RUBY - RED/WHITE Q1GB254060,Mizuno,"4,500,000þ",,"['https://cdn.hstatic.net/products/1000061481/dsc05940_302afd83f4ee406f9a1a4ee7bed1b8cf_1024x1024.jpg', 'https://cdn.hstatic.net/products/1000061481/dsc05942_20b2b904e62b4ade89daf950b70e0668_1024x1024.jpg', 'https://cdn.hstatic.net/products/1000061481/dsc05937_87fa046bad8a4e26961b30dda66de189_small.jpg', 'https://cdn.hstatic.net/products/1000061481/dsc05942_20b2b904e62b4ade89daf950b70e0668_small.jpg', 'https://cdn.hstatic.net/products/1000061481/dsc05939_b1ff635eb15c4ce8a0d8517787dd525b_small.jpg', 'https://cdn.hstatic.net/products/1000061481/dsc05944_690419d82c3d4ee68ef375d8dc8cc0bc_1024x1024.jpg', 'https://cdn.hstatic.net/products/1000061481/dsc05939_b1ff635eb15c4ce8a0d8517787dd525b_1024x1024.jpg', 'https://cdn.hstatic.net/products/1000061481/dsc05938_9869474ce47b488680dbcbf031e49e61_1024x1024.jpg', 'https://cdn.hstatic.net/products/1000061481/dsc05937_87fa046bad8a4e26961b30dda66de189_1024x1024.jpg', 'https://cdn.hstatic.net/products/1000061481/dsc05943_9fbcb4fc9ab942ad927bef65f0e67ad5_small.jpg', 'https://cdn.hstatic.net/products/1000061481/dsc05944_690419d82c3d4ee68ef375d8dc8cc0bc_small.jpg', 'https://cdn.hstatic.net/products/1000061481/anh_sp_add_web_4-02-02-01-01-01-01-01-02-02-02-02-02-02-001-02-01-2-2_b131441a90874cce95b9f55f3f966bf7_1024x1024.jpg', 'https://cdn.hstatic.net/products/1000061481/dsc05940_302afd83f4ee406f9a1a4ee7bed1b8cf_small.jpg', 'https://cdn.hstatic.net/products/1000061481/dsc05943_9fbcb4fc9ab942ad927bef65f0e67ad5_1024x1024.jpg', 'https://cdn.hstatic.net/products/1000061481/dsc05938_9869474ce47b488680dbcbf031e49e61_small.jpg', 'https://cdn.hstatic.net/products/1000061481/dsc05936_2aa4cf9cedc449febeafc2f518120d64_1024x1024.jpg', 'https://cdn.hstatic.net/products/1000061481/anh_sp_add_web_4-02-02-01-01-01-01-01-02-02-02-02-02-02-001-02-01-2-2_b131441a90874cce95b9f55f3f966bf7_small.jpg', 'https://cdn.hstatic.net/products/1000061481/dsc05936_2aa4cf9cedc449febeafc2f518120d64_small.jpg']"
QU? BÓNG ÐÁ ADIDAS FOOTBALL CHAMPIONS LEAGUE 2025/26 LEAGUE BOX - WHITE/DARK BLUE/GOLD METALLIC JP1548,Adidas,"950,000þ",,"['https://cdn.hstatic.net/products/1000061481/dsc06630_d22b14aacdde4527b8cc3a7c6aa366a5_1024x1024.jpg', 'https://cdn.hstatic.net/products/1000061481/dsc06627_a0535a08971741c58aba6dc556c134f8_1024x1024.jpg', 'https://cdn.hstatic.net/products/1000061481/dsc06630_d22b14aacdde4527b8cc3a7c6aa366a5_small.jpg', 'https://cdn.hstatic.net/products/1000061481/is743667_8e9ffc470a904178868cf65b8055ac6a_1024x1024.jpg', 'https://cdn.hstatic.net/products/1000061481/dsc06634_4bbfca38549d46c6877bc207d3dd1782_small.jpg', 'https://cdn.hstatic.net/files/1000061481/file/3789712._2048x2048.jpg', 'https://cdn.hstatic.net/products/1000061481/dsc06632_f0a508007f164f42830b0df3d33ab4a6_small.jpg', 'https://cdn.hstatic.net/products/1000061481/is743667_8e9ffc470a904178868cf65b8055ac6a_small.jpg', 'https://cdn.hstatic.net/products/1000061481/dsc06624_1d76358aaf084478a8255792c310fb26_small.jpg', 'https://cdn.hstatic.net/products/1000061481/dsc06621_29516fca320841a6ae4e936dd2968089_1024x1024.jpg', 'https://cdn.hstatic.net/products/1000061481/dsc06628_58100151ccc84ee081662def76a7cad7_1024x1024.jpg', 'https://cdn.hstatic.net/products/1000061481/dsc06627_a0535a08971741c58aba6dc556c134f8_small.jpg', 'https://cdn.hstatic.net/products/1000061481/dsc06621_29516fca320841a6ae4e936dd2968089_small.jpg', 'https://cdn.hstatic.net/products/1000061481/dsc06634_4bbfca38549d46c6877bc207d3dd1782_1024x1024.jpg', 'https://cdn.hstatic.net/products/1000061481/dsc06628_58100151ccc84ee081662def76a7cad7_small.jpg', 'https://cdn.hstatic.net/products/1000061481/dsc06632_f0a508007f164f42830b0df3d33ab4a6_1024x1024.jpg', 'https://cdn.hstatic.net/files/1000061481/file/3889_2048x2048.jpg', 'https://cdn.hstatic.net/products/1000061481/dsc06624_1d76358aaf084478a8255792c310fb26_1024x1024.jpg']"
GIÀY ÐÁ BÓNG C? NHÂN T?O NIKE REACT PHANTOM 6 PRO LOW TF MAX VOLTAGE - LIMELIGHT/BLACK/HYPER CRIMSON HJ4123-800,Nike,"4,495,000þ",,"['https://cdn.hstatic.net/files/1000061481/file/5_865ecb8a293f4015b11765da7ed44cf5_2048x2048.jpg', 'https://cdn.hstatic.net/products/1000061481/dsc05660__30__6d3e5887932a4d5ab9a4ae342eceb07d_small.jpg', 'https://cdn.hstatic.net/products/1000061481/dsc05660__28__bc301cf0fc374a0ca40cde1843dfdf74_small.jpg', 'https://cdn.hstatic.net/products/1000061481/dsc05660__29__455dd395e823415e94a5dc3f85c2b229_small.jpg', 'https://cdn.hstatic.net/files/1000061481/file/6_7dafc1c94da144edaaf32f082ed4642a_2048x2048.jpg', 'https://cdn.hstatic.net/products/1000061481/dsc05660__24__09487256b0b4481ebe79dec67661a84f_small.jpg', 'https://cdn.hstatic.net/products/1000061481/dsc05660__30__6d3e5887932a4d5ab9a4ae342eceb07d_1024x1024.jpg', 'https://cdn.hstatic.net/products/1000061481/dsc05660__27__a02082b9c8ba4dbbac5ce8ba4b0a0b0e_small.jpg', 'https://cdn.hstatic.net/files/1000061481/file/3_3ff21fe2b2f244dbbda55b0a6c3a863b_2048x2048.jpg', 'https://cdn.hstatic.net/products/1000061481/dsc05660__27__a02082b9c8ba4dbbac5ce8ba4b0a0b0e_1024x1024.jpg', 'https://cdn.hstatic.net/products/1000061481/dsc05660__26__8208e66e18264c08bc65e81854dc9848_small.jpg', 'https://cdn.hstatic.net/products/1000061481/dsc05660__31__57096e3d0f2b49edbba95996345e0fab_small.jpg', 'https://cdn.hstatic.net/files/1000061481/file/4_3bb6b17d5af3485ab58c8f72a89eff0c_2048x2048.jpg', 'https://cdn.hstatic.net/products/1000061481/dsc05660__25__0281aa8305194813a9b10921db4f475e_small.jpg', 'https://cdn.hstatic.net/products/1000061481/anh_sp_add-01-01-01-0490-07173-3-2_41a41e8d22984f268ca43a404bd8ea70_1024x1024.jpg', 'https://cdn.hstatic.net/products/1000061481/anh_sp_add-01-01-01-0490-07173-3-2_41a41e8d22984f268ca43a404bd8ea70_small.jpg', 'https://cdn.hstatic.net/products/1000061481/dsc05660__29__455dd395e823415e94a5dc3f85c2b229_1024x1024.jpg', 'https://cdn.hstatic.net/products/1000061481/dsc05660__25__0281aa8305194813a9b10921db4f475e_1024x1024.jpg', 'https://cdn.hstatic.net/products/1000061481/dsc05660__24__09487256b0b4481ebe79dec67661a84f_1024x1024.jpg', 'https://cdn.hstatic.net/products/1000061481/dsc05660__31__57096e3d0f2b49edbba95996345e0fab_1024x1024.jpg', 'https://cdn.hstatic.net/products/1000061481/dsc05660__28__bc301cf0fc374a0ca40cde1843dfdf74_1024x1024.jpg', 'https://cdn.hstatic.net/products/1000061481/dsc05660__26__8208e66e18264c08bc65e81854dc9848_1024x1024.jpg']"
V? VÂN CH?NG TRÕN NMS SEMI GRIP 1.0 CREW SOCK,NMS,"69,000þ",,"['https://cdn.hstatic.net/products/1000061481/design_s_n_tmdtsemi_grip-01_6efa3b223c42489fadf55fadf28010a4_small.jpg', 'https://cdn.hstatic.net/products/1000061481/design_s_n_tmdtsemi_grip-02_8e7c32175b2645ffab4174e892cb69d6_small.jpg', 'https://cdn.hstatic.net/files/1000061481/file/37_861bca4fe8eb444ea442f81208a8b890_2048x2048.jpg', 'https://cdn.hstatic.net/products/1000061481/design_s_n_tmdtsemi_grip-04_077fbb48ae3b40f2b733ab9ae7853334_1024x1024.jpg', 'https://cdn.hstatic.net/products/1000061481/dsc06106_1c8ad776363d437aaf8fedf9381b7964_1024x1024.jpg', 'https://cdn.hstatic.net/products/1000061481/design_s_n_tmdtsemi_grip-04_077fbb48ae3b40f2b733ab9ae7853334_small.jpg', 'https://cdn.hstatic.net/products/1000061481/design_s_n_tmdtsemi_grip-03_04f0334f5fcf4d0ab6488ca776476d2c_small.jpg', 'https://cdn.hstatic.net/products/1000061481/design_s_n_tmdtsemi_grip-05_3a896b3e44644ee3ada03360ce87dec8_1024x1024.jpg', 'https://cdn.hstatic.net/products/1000061481/dsc06106-1_e57057a329844b9fb90bedef2bacc25b_small.jpg', 'https://cdn.hstatic.net/products/1000061481/dsc06106-1_e57057a329844b9fb90bedef2bacc25b_1024x1024.jpg', 'https://cdn.hstatic.net/products/1000061481/design_s_n_tmdtsemi_grip-02_8e7c32175b2645ffab4174e892cb69d6_1024x1024.jpg', 'https://cdn.hstatic.net/files/1000061481/file/378_692cb80f69bb48e7851d28c501125a2d_2048x2048.jpg', 'https://cdn.hstatic.net/products/1000061481/dsc06106_1c8ad776363d437aaf8fedf9381b7964_small.jpg', 'https://cdn.hstatic.net/files/1000061481/file/377_58b5e974c25140f683a54a101f3a57c4_2048x2048.jpg', 'https://cdn.hstatic.net/products/1000061481/dsc06119_b2d02416ca604c8ca138decacc9aa876_small.jpg', 'https://cdn.hstatic.net/products/1000061481/dsc06119_b2d02416ca604c8ca138decacc9aa876_1024x1024.jpg', 'https://cdn.hstatic.net/products/1000061481/design_s_n_tmdtsemi_grip-03_04f0334f5fcf4d0ab6488ca776476d2c_1024x1024.jpg', 'https://cdn.hstatic.net/products/1000061481/design_s_n_tmdtsemi_grip-05_3a896b3e44644ee3ada03360ce87dec8_small.jpg', 'https://cdn.hstatic.net/products/1000061481/design_s_n_tmdtsemi_grip-01_6efa3b223c42489fadf55fadf28010a4_1024x1024.jpg']"
GIÀY ÐÁ BÓNG C? T? NHIÊN MIZUNO MORELIA NEO IV BETA ELITE FG PLATINUM SILVER - GALAXY SILVER/COOL GRAY P1GA254204,Mizuno,"4,800,000þ",,"['https://cdn.hstatic.net/products/1000061481/dsc07342_ef5e542cd2454e469a3dcc103f0f9fa1_1024x1024.jpg', 'https://cdn.hstatic.net/products/1000061481/dsc07344_f294d86378dc4526818e8e2597ac435c_1024x1024.jpg', 'https://cdn.hstatic.net/products/1000061481/dsc07347_ec14adae13b04370ab2d4b5638880d17_small.jpg', 'https://cdn.hstatic.net/products/1000061481/dsc07343_d245b873867742878cf571bc9e351372_small.jpg', 'https://cdn.hstatic.net/products/1000061481/dsc07341_ffe50b2291374023924216e7cfb232fa_small.jpg', 'https://cdn.hstatic.net/files/1000061481/file/18_e0965939433c401fa6511e7cb3db01d9_2048x2048.jpg', 'https://cdn.hstatic.net/products/1000061481/dsc07348_7afd8bbb991f4657b4d58951af506216_1024x1024.jpg', 'https://cdn.hstatic.net/products/1000061481/anh_sp_add_web_4-02-02-0782-02-01-01-02-01-2_acb48f440e4648189d7f6e8405878841_1024x1024.jpg', 'https://cdn.hstatic.net/products/1000061481/dsc07345_002a68bce8f248228c4df8202ab486da_small.jpg', 'https://cdn.hstatic.net/products/1000061481/dsc07344_f294d86378dc4526818e8e2597ac435c_small.jpg', 'https://cdn.hstatic.net/products/1000061481/dsc07343_d245b873867742878cf571bc9e351372_1024x1024.jpg', 'https://cdn.hstatic.net/files/1000061481/file/17_67f46f4093054f9ca689ac20919d7d9f_2048x2048.jpg', 'https://cdn.hstatic.net/products/1000061481/dsc07346_f4c4524968454036b91600a742d747da_small.jpg', 'https://cdn.hstatic.net/files/1000061481/file/19_2c478710520341dcbd4cb3c77f6958dc_2048x2048.jpg', 'https://cdn.hstatic.net/products/1000061481/dsc07347_ec14adae13b04370ab2d4b5638880d17_1024x1024.jpg', 'https://cdn.hstatic.net/products/1000061481/dsc07342_ef5e542cd2454e469a3dcc103f0f9fa1_small.jpg', 'https://cdn.hstatic.net/products/1000061481/dsc07348_7afd8bbb991f4657b4d58951af506216_small.jpg', 'https://cdn.hstatic.net/products/1000061481/dsc07341_ffe50b2291374023924216e7cfb232fa_1024x1024.jpg', 'https://cdn.hstatic.net/products/1000061481/anh_sp_add_web_4-02-02-0782-02-01-01-02-01-2_acb48f440e4648189d7f6e8405878841_small.jpg', 'https://cdn.hstatic.net/products/1000061481/dsc07346_f4c4524968454036b91600a742d747da_1024x1024.jpg', 'https://cdn.hstatic.net/files/1000061481/file/16_d5a0f4ced3a140f892533664ee03efd6_2048x2048.jpg', 'https://cdn.hstatic.net/products/1000061481/dsc07345_002a68bce8f248228c4df8202ab486da_1024x1024.jpg']"
GIÀY ÐÁ BÓNG C? NHÂN T?O NMS MAESTRI 1.0 TF - WHITE/SILVER/BLUE MAE1100,NMS,"729,000þ",,"['https://cdn.hstatic.net/files/1000061481/file/3_52771332783e4871aad0af3d89924a7c_2048x2048.jpg', 'https://cdn.hstatic.net/products/1000061481/nms_maestri_tr_ng-05_2bb6cf95712142f29670954497767a40_1024x1024.jpg', 'https://cdn.hstatic.net/products/1000061481/nms_maestri_tr_ng-06_1c06b1fdbff74ff1a989329e609c9b1c_1024x1024.jpg', 'https://cdn.hstatic.net/1000061481/file/bang_tinh_size_giay_nms-01_fdcbd7996cb845d291d7ab89de5ea9c5_2048x2048.jpg', 'https://cdn.hstatic.net/files/1000061481/file/2_a6410488e478468ca2d2f90c7f9a5a27_2048x2048.jpg', 'https://cdn.hstatic.net/files/1000061481/file/1_08bf39e7785246c0aa851bc6547bbf53_2048x2048.jpg', 'https://cdn.hstatic.net/products/1000061481/nms_maestri_tr_ng-03_79e39444528f4e699860efc52fb69a53_1024x1024.jpg', 'https://cdn.hstatic.net/products/1000061481/anh_sp_ad78d-06781-093_19d5dcde533a4a119e01605f5d785c6a_1024x1024.jpg', 'https://cdn.hstatic.net/products/1000061481/nms_maestri_tr_ng-02_77396eede1f54a90b6599f53650b0cac_1024x1024.jpg', 'https://cdn.hstatic.net/products/1000061481/nms_maestri_tr_ng-01_24d98e38f3234964b070694c14548acc_1024x1024.jpg', 'https://cdn.hstatic.net/products/1000061481/avatar_nms_maestri2-03_7ba17e020eb44884b7eeeb0e6222faf1_1024x1024.jpg', 'https://cdn.hstatic.net/products/1000061481/nms_maestri_tr_ng-04_6b0ab9abb8b74f758c52e9d0ce05a5cf_1024x1024.jpg']"
GIÀY ÐÁ BÓNG C? NHÂN T?O ZOCKER INSPIRE PRO GEN 2 - BLACK/GOLD SNS-009,Zocker,"759,000þ",,"['https://cdn.hstatic.net/products/1000061481/dsc07406-2_5da704697e384645804486299578504d_1024x1024.jpg', 'https://cdn.hstatic.net/products/1000061481/dsc07403-2_3a93f138bce44a75b0dec4e3ca8fc582_small.jpg', 'https://cdn.hstatic.net/files/1000061481/file/12_37a718903e054236839281c578a52590_2048x2048.jpg', 'https://cdn.hstatic.net/products/1000061481/dsc07405-2_72bd60ebee5f4a94bcada365a7366eb9_1024x1024.jpg', 'https://cdn.hstatic.net/products/1000061481/dsc07404-2_7a07d6d47f45471eacacc771b53ccb91_1024x1024.jpg', 'https://cdn.hstatic.net/products/1000061481/dsc07406-2_5da704697e384645804486299578504d_small.jpg', 'https://cdn.hstatic.net/products/1000061481/dsc07401-2_aa7951651c314277a4c82a093067b569_1024x1024.jpg', 'https://cdn.hstatic.net/products/1000061481/dsc07404-2_7a07d6d47f45471eacacc771b53ccb91_small.jpg', 'https://cdn.hstatic.net/files/1000061481/file/10_024de063735a40aebd732631e8f197a1_2048x2048.jpg', 'https://cdn.hstatic.net/files/1000061481/file/9_63c164451f6a4d53869a230176c46433_2048x2048.jpg', 'https://cdn.hstatic.net/products/1000061481/anh_sp_add_web_3-98891-01-01-01-04-03-03-0222-2_a50fd6dcbf1e4f7584d2996dc38179f1_small.jpg', 'https://cdn.hstatic.net/products/1000061481/anh_sp_add_web_3-98891-01-01-01-04-03-03-0222-2_a50fd6dcbf1e4f7584d2996dc38179f1_1024x1024.jpg', 'https://cdn.hstatic.net/products/1000061481/dsc07399-2_8d15d3c2e5ea4a7c83ad9673dd65d4e9_small.jpg', 'https://cdn.hstatic.net/products/1000061481/dsc07405-2_72bd60ebee5f4a94bcada365a7366eb9_small.jpg', 'https://cdn.hstatic.net/products/1000061481/dsc07400-2_5f2f098abdc442f2ab3a47f92ac07e57_small.jpg', 'https://cdn.hstatic.net/products/1000061481/dsc07400-2_5f2f098abdc442f2ab3a47f92ac07e57_1024x1024.jpg', 'https://cdn.hstatic.net/products/1000061481/dsc07399-2_8d15d3c2e5ea4a7c83ad9673dd65d4e9_1024x1024.jpg', 'https://cdn.hstatic.net/files/1000061481/file/11_334e8568ca0746b5b6211d44006f6acd_2048x2048.jpg', 'https://cdn.hstatic.net/products/1000061481/dsc07403-2_3a93f138bce44a75b0dec4e3ca8fc582_1024x1024.jpg', 'https://cdn.hstatic.net/products/1000061481/dsc07402-3_aa341019e5bc4e46b2244edbf88a53c9_1024x1024.jpg', 'https://cdn.hstatic.net/products/1000061481/dsc07402-3_aa341019e5bc4e46b2244edbf88a53c9_small.jpg', 'https://cdn.hstatic.net/products/1000061481/dsc07401-2_aa7951651c314277a4c82a093067b569_small.jpg']"
GIÀY ÐÁ BÓNG C? T? NHIÊN ADIDAS F50 ELITE FG CORAL BLAZE - BEAM ORANGE/LUCID BLUE/FOOTWEAR WHITE JH7618,Adidas,"5,800,000þ",,"['https://cdn.hstatic.net/files/1000061481/file/6_ced89da2e09141719baac966ebe85fef_2048x2048.jpg', 'https://cdn.hstatic.net/products/1000061481/dsc07729_a1ce234e72234603a1043814ba3be3a7_small.jpg', 'https://cdn.hstatic.net/products/1000061481/dsc07735_ee720b1c3e044289bc239a5c7c351c86_small.jpg', 'https://cdn.hstatic.net/products/1000061481/dsc07730_59f19ccbaea54e39a73d6c70d75a38e3_1024x1024.jpg', 'https://cdn.hstatic.net/products/1000061481/dsc07733_5f402c01476640fea9d9b36acbd40d3a_small.jpg', 'https://cdn.hstatic.net/products/1000061481/dsc07732_4b62b292392c423c98aef016b80ca13d_small.jpg', 'https://cdn.hstatic.net/products/1000061481/dsc07727_2973e8cba24a405682857b40e7f354ae_small.jpg', 'https://cdn.hstatic.net/products/1000061481/anh_sp_add_web_3-1701-01-01-04-013-2-2_8f26ba85e61349119a8dbf248c132eb2_1024x1024.jpg', 'https://cdn.hstatic.net/products/1000061481/dsc07729_a1ce234e72234603a1043814ba3be3a7_1024x1024.jpg', 'https://cdn.hstatic.net/products/1000061481/dsc07731_819ab67825504aa8a25bbbc44421e3f0_1024x1024.jpg', 'https://cdn.hstatic.net/products/1000061481/dsc07727_2973e8cba24a405682857b40e7f354ae_1024x1024.jpg', 'https://cdn.hstatic.net/products/1000061481/dsc07734_79a54cb5be354bb2b053c702f04a49a4_small.jpg', 'https://cdn.hstatic.net/files/1000061481/file/5_a4d9c5d1af654eae8f803e687d1e436d_2048x2048.jpg', 'https://cdn.hstatic.net/products/1000061481/dsc07731_819ab67825504aa8a25bbbc44421e3f0_small.jpg', 'https://cdn.hstatic.net/files/1000061481/file/4_60b5120f9df34450bb92454103230117_2048x2048.jpg', 'https://cdn.hstatic.net/products/1000061481/anh_sp_add_web_3-1701-01-01-04-013-2-2_8f26ba85e61349119a8dbf248c132eb2_small.jpg', 'https://cdn.hstatic.net/products/1000061481/dsc07733_5f402c01476640fea9d9b36acbd40d3a_1024x1024.jpg', 'https://cdn.hstatic.net/products/1000061481/dsc07735_ee720b1c3e044289bc239a5c7c351c86_1024x1024.jpg', 'https://cdn.hstatic.net/products/1000061481/dsc07728_589412774b00461bb9e855f49503e879_small.jpg', 'https://cdn.hstatic.net/products/1000061481/dsc07730_59f19ccbaea54e39a73d6c70d75a38e3_small.jpg', 'https://cdn.hstatic.net/products/1000061481/dsc07728_589412774b00461bb9e855f49503e879_1024x1024.jpg', 'https://cdn.hstatic.net/products/1000061481/dsc07732_4b62b292392c423c98aef016b80ca13d_1024x1024.jpg', 'https://cdn.hstatic.net/products/1000061481/dsc07734_79a54cb5be354bb2b053c702f04a49a4_1024x1024.jpg']"
GIÀY ÐÁ BÓNG C? NHÂN T?O JOMA TOP FLEX PITO 2462 LIMITED EDITION TF - WHITE CORAL/MULTICOLOR TOPW2462TF,Joma,"1,680,000þ",,"['https://cdn.hstatic.net/products/1000061481/dsc04236__18__e8ccf44ea3bc43a6ac5b74ae51db0415_1024x1024.jpg', 'https://cdn.hstatic.net/files/1000061481/file/13_fd20baf1c3da4f97b96e4be102fcd542_2048x2048.jpg', 'https://cdn.hstatic.net/products/1000061481/dsc04236__14__d1822cd4d939494fa6164c85a0203569_small.jpg', 'https://cdn.hstatic.net/files/1000061481/file/15_19fa4e640cb94902bb18131a573ea1ee_2048x2048.jpg', 'https://cdn.hstatic.net/products/1000061481/dsc04236__15__e84609f97dc14fe1aeef83ded8723d6b_1024x1024.jpg', 'https://cdn.hstatic.net/products/1000061481/dsc04236__19__b7fe2ac0a2ff4899bbf9184e80a7ddd5_1024x1024.jpg', 'https://cdn.hstatic.net/products/1000061481/dsc04236__17__c4459c9ce4df48d6a6730ae5a2569b4b_1024x1024.jpg', 'https://cdn.hstatic.net/products/1000061481/dsc04236__18__e8ccf44ea3bc43a6ac5b74ae51db0415_small.jpg', 'https://cdn.hstatic.net/products/1000061481/dsc04236__14__d1822cd4d939494fa6164c85a0203569_1024x1024.jpg', 'https://cdn.hstatic.net/products/1000061481/anh_sp_add-9-2_839820f6e0214b36a0a6d0262b1b2c77_small.jpg', 'https://cdn.hstatic.net/products/1000061481/dsc04236__19__b7fe2ac0a2ff4899bbf9184e80a7ddd5_small.jpg', 'https://cdn.hstatic.net/files/1000061481/file/21_cd7fc8fb195a4ee99ce9f8558335fcf7_2048x2048.jpg', 'https://cdn.hstatic.net/products/1000061481/dsc04236__12__dc4fc4e0b9c3445bb022474690295d19_1024x1024.jpg', 'https://cdn.hstatic.net/products/1000061481/anh_sp_add-9-2_839820f6e0214b36a0a6d0262b1b2c77_1024x1024.jpg', 'https://cdn.hstatic.net/products/1000061481/dsc04236__16__bebeb46dbde942db82b4132e618130de_1024x1024.jpg', 'https://cdn.hstatic.net/products/1000061481/dsc04236__12__dc4fc4e0b9c3445bb022474690295d19_small.jpg', 'https://cdn.hstatic.net/files/1000061481/file/14_6e32c9adf4714020ad84aa87c45a3d09_2048x2048.jpg', 'https://cdn.hstatic.net/products/1000061481/dsc04236__13__86d1376a72e7461ba340e329582098d4_small.jpg', 'https://cdn.hstatic.net/products/1000061481/dsc04236__15__e84609f97dc14fe1aeef83ded8723d6b_small.jpg', 'https://cdn.hstatic.net/products/1000061481/dsc04236__17__c4459c9ce4df48d6a6730ae5a2569b4b_small.jpg', 'https://cdn.hstatic.net/products/1000061481/dsc04236__16__bebeb46dbde942db82b4132e618130de_small.jpg', 'https://cdn.hstatic.net/products/1000061481/dsc04236__13__86d1376a72e7461ba340e329582098d4_1024x1024.jpg']"
GIÀY ÐÁ BÓNG C? T? NHIÊN NIKE AIR ZOOM MERCURIAL VAPOR 16 ELITE FG MAX VOLTAGE - LIMELIGHT/VOLT/HYPER CRIMSON FQ1457-302,Nike,"7,902,000þ",,"['https://cdn.hstatic.net/products/1000061481/dsc07700_1b49e5424e3849a8ab209707138123b3_1024x1024.jpg', 'https://cdn.hstatic.net/products/1000061481/k02-01-01-01-01-02-02-02-02-02-02-02-02-02-02-02-01-01-01-02-02-02-2-2_1a103af4f6be4597ae8f0d992e557cc9_1024x1024.jpg', 'https://cdn.hstatic.net/products/1000061481/dsc07710_9b8cdb7fbde642669403197d54f97727_1024x1024.jpg', 'https://cdn.hstatic.net/products/1000061481/dsc07706_24d7d614437c4898a5faac9c03751de7_1024x1024.jpg', 'https://cdn.hstatic.net/files/1000061481/file/3_4701882e787e4787bdf00e57ec6b0a17_2048x2048.jpg', 'https://cdn.hstatic.net/files/1000061481/file/1_9271b3e02e0e4273976c422275aa307b_2048x2048.jpg', 'https://cdn.hstatic.net/products/1000061481/dsc07705_f3943313860d4f7dbd2f5b8c558cb861_1024x1024.jpg', 'https://cdn.hstatic.net/products/1000061481/dsc07702_c856b3fac1934b3790af47c7d7acf998_1024x1024.jpg', 'https://cdn.hstatic.net/products/1000061481/dsc07704_aab8077239564c0190392376b4ec76bb_1024x1024.jpg', 'https://cdn.hstatic.net/products/1000061481/dsc07703_7fccdbe603864aae965bf1e6df9923cf_1024x1024.jpg', 'https://cdn.hstatic.net/products/1000061481/dsc07708_6ff2adfd644549cca34eba8bd10f6e54_1024x1024.jpg', 'https://cdn.hstatic.net/products/1000061481/dsc07707_6caec31fcb444a118ec32068d9cbbfff_1024x1024.jpg', 'https://cdn.hstatic.net/files/1000061481/file/2_775fe02f17254b3a9854d3c50e635ef3_2048x2048.jpg']"
GIÀY ÐÁ BÓNG C? NHÂN T?O NMS SUPER FLASH TF - NEON GREEN/RED,NMS,"450,000þ",,"['https://cdn.hstatic.net/1000061481/file/bang_tinh_size_giay_nms-01_fdcbd7996cb845d291d7ab89de5ea9c5_2048x2048.jpg', 'https://cdn.hstatic.net/files/1000061481/file/2_ddd51180dfef4e1392d5ae7f57a9da27_2048x2048.jpg', 'https://cdn.hstatic.net/files/1000061481/file/9_193843f774b7443a9df76d0c472516fc_2048x2048.jpg', 'https://cdn.hstatic.net/products/1000061481/nms_superflash_neon-03_eec7f3e7eb51417eaf04947251eb4efc_1024x1024.jpg', 'https://cdn.hstatic.net/products/1000061481/nms_superflash_neon-01_004391cbcfed4cb9b46b74d22102dad1_1024x1024.jpg', 'https://cdn.hstatic.net/products/1000061481/nms_superflash_neon-02_baf5ad861b444985bedd5495f9d70837_small.jpg', 'https://cdn.hstatic.net/products/1000061481/nms_superflash_neon-04_15011ce913af40309c0365800b69f71e_1024x1024.jpg', 'https://cdn.hstatic.net/products/1000061481/nms_superflash_neon-03_eec7f3e7eb51417eaf04947251eb4efc_small.jpg', 'https://cdn.hstatic.net/products/1000061481/nms_superflash_neon-04_15011ce913af40309c0365800b69f71e_small.jpg', 'https://cdn.hstatic.net/products/1000061481/anh_sp_add-01-01-5777827893-2_7b1f52d9a21d43a39b3bc5ba49a4deca_small.jpg', 'https://cdn.hstatic.net/products/1000061481/nms_superflash_neon-01_004391cbcfed4cb9b46b74d22102dad1_small.jpg', 'https://cdn.hstatic.net/products/1000061481/nms_superflash_neon-05_d761a226d7c84e32a22664f5423eed1b_1024x1024.jpg', 'https://cdn.hstatic.net/products/1000061481/nms_superflash_neon-05_d761a226d7c84e32a22664f5423eed1b_small.jpg', 'https://cdn.hstatic.net/products/1000061481/nms_superflash_neon-06_6ef53961f0094d71bb14d50490b78c96_1024x1024.jpg', 'https://cdn.hstatic.net/products/1000061481/anh_sp_add-01-01-5777827893-2_7b1f52d9a21d43a39b3bc5ba49a4deca_1024x1024.jpg', 'https://cdn.hstatic.net/products/1000061481/nms_superflash_neon-06_6ef53961f0094d71bb14d50490b78c96_small.jpg', 'https://cdn.hstatic.net/products/1000061481/nms_superflash_neon-02_baf5ad861b444985bedd5495f9d70837_1024x1024.jpg']"
GIÀY ÐÁ BÓNG C? NHÂN T?O NMS SUPER FLASH TF - SKY BLUE/WHITE,NMS,"450,000þ",,"['https://cdn.hstatic.net/products/1000061481/nms_superflash_blue-02_be79c17fb3034924835dec8a500e9783_1024x1024.jpg', 'https://cdn.hstatic.net/products/1000061481/nms_superflash_blue-06_702b98a690db4a07a8b6499963c3dadc_1024x1024.jpg', 'https://cdn.hstatic.net/1000061481/file/bang_tinh_size_giay_nms-01_fdcbd7996cb845d291d7ab89de5ea9c5_2048x2048.jpg', 'https://cdn.hstatic.net/products/1000061481/anh_sp_add-01-01-5777823-2_067b9c79aa564af3bd5aa2dab222c15d_1024x1024.jpg', 'https://cdn.hstatic.net/products/1000061481/nms_superflash_blue-04_93a6a49265964766aeed20f164d96454_1024x1024.jpg', 'https://cdn.hstatic.net/files/1000061481/file/collage_5b23222d4a47492eaeadb951ce765cc8_2048x2048.jpg', 'https://cdn.hstatic.net/products/1000061481/nms_superflash_blue-01_0fe70b90a5b246639caf6c6e33f52b6a_1024x1024.jpg', 'https://cdn.hstatic.net/products/1000061481/nms_superflash_blue-03_c1358e2a2981433fbdd100715e5c9fe9_1024x1024.jpg', 'https://cdn.hstatic.net/products/1000061481/nms_superflash_blue-05_5eeb1a0f222c4f33945e70a2e5cae53f_1024x1024.jpg']"
GIÀY ÐÁ BÓNG C? T? NHIÊN MIZUNO ALPHA II ELITE FG PLATINUM SILVER - GALAXY SILVER/GOLD P1GA256204,Mizuno,"4,500,000þ",,"['https://cdn.hstatic.net/products/1000061481/dsc07351_fefa7c2c1d2e4410979408a25fbdf2da_small.jpg', 'https://cdn.hstatic.net/products/1000061481/dsc07352_d9ef0a4f2d3e44d7a1a37e8ee8da1de6_small.jpg', 'https://cdn.hstatic.net/files/1000061481/file/20_e7d0bd5d1e464fc8a147e37bc4faf469_2048x2048.jpg', 'https://cdn.hstatic.net/products/1000061481/dsc07350_73108007489d47b9aa2fdd9cd80b4f6c_1024x1024.jpg', 'https://cdn.hstatic.net/products/1000061481/anh_sp_add_web_4-02-02-078971-01-2-02-02-02-01-01-02-01-2_ffae1f82cc0b4f3f91729f84d860bfad_small.jpg', 'https://cdn.hstatic.net/products/1000061481/dsc07351_fefa7c2c1d2e4410979408a25fbdf2da_1024x1024.jpg', 'https://cdn.hstatic.net/products/1000061481/dsc07356_21fd5cf4d30e437fb280d20e9da61a9b_small.jpg', 'https://cdn.hstatic.net/products/1000061481/dsc07354_ba7c1f980857458380d492494fb152ca_1024x1024.jpg', 'https://cdn.hstatic.net/products/1000061481/dsc07349_78e6af5133da4b8aaf6bd0a08ceb778f_1024x1024.jpg', 'https://cdn.hstatic.net/products/1000061481/dsc07355_b19c2d2acb8943c497c996942d97ebf4_1024x1024.jpg', 'https://cdn.hstatic.net/products/1000061481/dsc07350_73108007489d47b9aa2fdd9cd80b4f6c_small.jpg', 'https://cdn.hstatic.net/files/1000061481/file/22_03109469f8c8426f9bb1f54eaa33fa3e_2048x2048.jpg', 'https://cdn.hstatic.net/products/1000061481/dsc07352_d9ef0a4f2d3e44d7a1a37e8ee8da1de6_1024x1024.jpg', 'https://cdn.hstatic.net/products/1000061481/dsc07355_b19c2d2acb8943c497c996942d97ebf4_small.jpg', 'https://cdn.hstatic.net/products/1000061481/dsc07357_8d6500ddf179463d8a5c0e7462453717_1024x1024.jpg', 'https://cdn.hstatic.net/products/1000061481/dsc07356_21fd5cf4d30e437fb280d20e9da61a9b_1024x1024.jpg', 'https://cdn.hstatic.net/products/1000061481/dsc07353_a8b730b9741345fd87c98ab337483fc0_small.jpg', 'https://cdn.hstatic.net/products/1000061481/anh_sp_add_web_4-02-02-078971-01-2-02-02-02-01-01-02-01-2_ffae1f82cc0b4f3f91729f84d860bfad_1024x1024.jpg', 'https://cdn.hstatic.net/files/1000061481/file/21_b8849bb33a794661825deccc2e407334_2048x2048.jpg', 'https://cdn.hstatic.net/products/1000061481/dsc07357_8d6500ddf179463d8a5c0e7462453717_small.jpg', 'https://cdn.hstatic.net/products/1000061481/dsc07354_ba7c1f980857458380d492494fb152ca_small.jpg', 'https://cdn.hstatic.net/files/1000061481/file/23_843b21bf5b3940689386eace3405f617_2048x2048.jpg', 'https://cdn.hstatic.net/products/1000061481/dsc07349_78e6af5133da4b8aaf6bd0a08ceb778f_small.jpg', 'https://cdn.hstatic.net/products/1000061481/dsc07353_a8b730b9741345fd87c98ab337483fc0_1024x1024.jpg']"
QU? BÓNG ÐÁ ADIDAS FOOTBALL PRO CHAMPIONS LEAGUE 2025/26 MATCH BALL - WHITE/DARK BLUE/GOLD METALLIC JD0188,Adidas,"2,990,000þ",,"['https://cdn.hstatic.net/files/1000061481/file/football_fw25_ucl_uwcl_omb_launch_aunch_pdp_banner_hero_1_d_37b741c1f1_2048x2048.jpeg', 'https://cdn.hstatic.net/files/1000061481/file/football_fw25_ucl_uwcl_omb_launch_aunch_pdp_banner_hero_1_d_37b741c1f1_9ddad658c00b41b8bd569bb5bc846e32_2048x2048.jpeg', 'https://cdn.hstatic.net/products/1000061481/dsc06613_3069ded7df9243c0836547e8535e727f_small.jpg', 'https://cdn.hstatic.net/products/1000061481/dsc06613_3069ded7df9243c0836547e8535e727f_1024x1024.jpg', 'https://cdn.hstatic.net/products/1000061481/dsc06616_1412b2333bdc4752b75294c3715a0a86_1024x1024.jpg', 'https://cdn.hstatic.net/products/1000061481/dsc06612_1793dd252c224289a2b5d4b90ef91e73_small.jpg', 'https://cdn.hstatic.net/products/1000061481/dsc06620_64eb89bddf6646e4971d2fbdcee38867_small.jpg', 'https://cdn.hstatic.net/files/1000061481/file/tball_fw25_ucl_uwcl_omb_launch_aunch_home_pdp_statement_3_d_d31362b415_f23a285fbea942afb3ca887cfbd5b45c_2048x2048.jpeg', 'https://cdn.hstatic.net/products/1000061481/dsc06620_64eb89bddf6646e4971d2fbdcee38867_1024x1024.jpg', 'https://cdn.hstatic.net/products/1000061481/is7437896_89ee2b3dd2e7433eb7c4124429ba3fb0_1024x1024.jpg', 'https://cdn.hstatic.net/products/1000061481/is7437896_89ee2b3dd2e7433eb7c4124429ba3fb0_small.jpg', 'https://cdn.hstatic.net/products/1000061481/dsc06612_1793dd252c224289a2b5d4b90ef91e73_1024x1024.jpg', 'https://cdn.hstatic.net/products/1000061481/dsc06616_1412b2333bdc4752b75294c3715a0a86_small.jpg']"
GIÀY ÐÁ BÓNG C? NHÂN T?O NMS SUPER FLASH TF - RED/WHITE,NMS,"450,000þ",,"['https://cdn.hstatic.net/products/1000061481/anh_sp_add-01-01-5777823-92_a828f498c655463e97551ba83cc70d7e_1024x1024.jpg', 'https://cdn.hstatic.net/files/1000061481/file/5_3903b0b7f5bf47339d99fae388a8bf0d_2048x2048.jpg', 'https://cdn.hstatic.net/1000061481/file/bang_tinh_size_giay_nms-01_fdcbd7996cb845d291d7ab89de5ea9c5_2048x2048.jpg', 'https://cdn.hstatic.net/products/1000061481/nms_superflash_do-03_abeba3e5e3be47fdaacac79b55606ac0_small.jpg', 'https://cdn.hstatic.net/products/1000061481/nms_superflash_do-01_b58799a1ff914ff8a02a10991e090e89_small.jpg', 'https://cdn.hstatic.net/products/1000061481/nms_superflash_do-05_4b2d1bc8ef8b400a88b9914ffec11e34_1024x1024.jpg', 'https://cdn.hstatic.net/products/1000061481/nms_superflash_do-02_425e1a73ab8949edadcfdfb609e4bacc_small.jpg', 'https://cdn.hstatic.net/products/1000061481/nms_superflash_do-02_425e1a73ab8949edadcfdfb609e4bacc_1024x1024.jpg', 'https://cdn.hstatic.net/products/1000061481/nms_superflash_do-03_abeba3e5e3be47fdaacac79b55606ac0_1024x1024.jpg', 'https://cdn.hstatic.net/products/1000061481/nms_superflash_do-05_4b2d1bc8ef8b400a88b9914ffec11e34_small.jpg', 'https://cdn.hstatic.net/products/1000061481/nms_superflash_do-04_84ea1afeb1e84227a1af78a58d144232_1024x1024.jpg', 'https://cdn.hstatic.net/products/1000061481/nms_superflash_do-04_84ea1afeb1e84227a1af78a58d144232_small.jpg', 'https://cdn.hstatic.net/products/1000061481/nms_superflash_do-06_d4b8a68aa97c4fb898b21b36f512a3bb_small.jpg', 'https://cdn.hstatic.net/files/1000061481/file/1_9676b0c862d248f587f9099264a77d14_2048x2048.jpg', 'https://cdn.hstatic.net/products/1000061481/nms_superflash_do-01_b58799a1ff914ff8a02a10991e090e89_1024x1024.jpg', 'https://cdn.hstatic.net/products/1000061481/anh_sp_add-01-01-5777823-92_a828f498c655463e97551ba83cc70d7e_small.jpg', 'https://cdn.hstatic.net/products/1000061481/nms_superflash_do-06_d4b8a68aa97c4fb898b21b36f512a3bb_1024x1024.jpg']"
GIÀY ÐÁ BÓNG C? NHÂN T?O ZOCKER INSPIRE PRO GEN 2 - RED/WHITE SNS-009,Zocker,"759,000þ",,"['https://cdn.hstatic.net/products/1000061481/dsc07398-2_759dce3233614a3c9fc476fb2595dbf2_1024x1024.jpg', 'https://cdn.hstatic.net/products/1000061481/dsc07392-2_64e6458724e34b9a855329b165ab9c8d_small.jpg', 'https://cdn.hstatic.net/products/1000061481/dsc07392-2_64e6458724e34b9a855329b165ab9c8d_1024x1024.jpg', 'https://cdn.hstatic.net/products/1000061481/anh_sp_add_web_3-98891-01-01-01-04-03-03-03-0222-2_5fbb869b07104ba18debc2ac666d272c_1024x1024.jpg', 'https://cdn.hstatic.net/products/1000061481/dsc07396-2_1a04b6910e274629a9804bbdab83db66_small.jpg', 'https://cdn.hstatic.net/products/1000061481/dsc07395-2_11c1625b4dc742bb92ea91da437151e5_small.jpg', 'https://cdn.hstatic.net/files/1000061481/file/8_3b682b0c29fb490eb2f4895ac1819913_2048x2048.jpg', 'https://cdn.hstatic.net/products/1000061481/dsc07396-2_1a04b6910e274629a9804bbdab83db66_1024x1024.jpg', 'https://cdn.hstatic.net/files/1000061481/file/6_553ffc4c1850415ea404583f4734ba6b_2048x2048.jpg', 'https://cdn.hstatic.net/products/1000061481/dsc07394-2_20da39a1e3c94df4aca335b62df53b6a_small.jpg', 'https://cdn.hstatic.net/products/1000061481/dsc07397-2_fe64f3275d6f433da1ba773702b16365_small.jpg', 'https://cdn.hstatic.net/products/1000061481/dsc07397-2_fe64f3275d6f433da1ba773702b16365_1024x1024.jpg', 'https://cdn.hstatic.net/products/1000061481/dsc07398-2_759dce3233614a3c9fc476fb2595dbf2_small.jpg', 'https://cdn.hstatic.net/products/1000061481/dsc07395-2_11c1625b4dc742bb92ea91da437151e5_1024x1024.jpg', 'https://cdn.hstatic.net/products/1000061481/dsc07394-2_20da39a1e3c94df4aca335b62df53b6a_1024x1024.jpg', 'https://cdn.hstatic.net/products/1000061481/dsc07391-2_0e0a04eea16a4ddbba27248ff7908ae3_small.jpg', 'https://cdn.hstatic.net/products/1000061481/dsc07391-2_0e0a04eea16a4ddbba27248ff7908ae3_1024x1024.jpg', 'https://cdn.hstatic.net/products/1000061481/anh_sp_add_web_3-98891-01-01-01-04-03-03-03-0222-2_5fbb869b07104ba18debc2ac666d272c_small.jpg', 'https://cdn.hstatic.net/files/1000061481/file/7_7a21fa4d45004836b9aeffcc63873bf3_2048x2048.jpg', 'https://cdn.hstatic.net/products/1000061481/dsc07393-2_50405733a2334cb6b304f571e876b41a_small.jpg', 'https://cdn.hstatic.net/products/1000061481/dsc07393-2_50405733a2334cb6b304f571e876b41a_1024x1024.jpg', 'https://cdn.hstatic.net/files/1000061481/file/5_bb9ef1f218da45a3b7e5ea3b0a9a3ab7_2048x2048.jpg']"
GIÀY ÐÁ BÓNG C? NHÂN T?O NMS SUPER FLASH TF - WHITE/GOLD,NMS,"450,000þ",,"['https://cdn.hstatic.net/files/1000061481/file/6_761669e4e2544c60b8d46e8fc9490265_2048x2048.jpg', 'https://cdn.hstatic.net/products/1000061481/nms_superflash_den_vang-04_a8705f0b0a8b44b3bcd2ca5e0a4fe3cd_small.jpg', 'https://cdn.hstatic.net/1000061481/file/bang_tinh_size_giay_nms-01_fdcbd7996cb845d291d7ab89de5ea9c5_2048x2048.jpg', 'https://cdn.hstatic.net/products/1000061481/nms_superflash_den_vang-06_116545e3754148778a9d776c38001ed1_1024x1024.jpg', 'https://cdn.hstatic.net/products/1000061481/nms_superflash_den_vang-01_37cbf739c9b3473e9f81047ef561b503_1024x1024.jpg', 'https://cdn.hstatic.net/products/1000061481/nms_superflash_den_vang-02_7a3a633d6fbd43da90e56076d5a4905f_1024x1024.jpg', 'https://cdn.hstatic.net/products/1000061481/nms_superflash_den_vang-05_efdd56abd1e640c288f183a35d245354_1024x1024.jpg', 'https://cdn.hstatic.net/products/1000061481/nms_superflash_den_vang-03_9d596641a8724068a8e528a728df4949_1024x1024.jpg', 'https://cdn.hstatic.net/products/1000061481/nms_superflash_den_vang-06_116545e3754148778a9d776c38001ed1_small.jpg', 'https://cdn.hstatic.net/products/1000061481/nms_superflash_den_vang-01_37cbf739c9b3473e9f81047ef561b503_small.jpg', 'https://cdn.hstatic.net/products/1000061481/nms_superflash_den_vang-02_7a3a633d6fbd43da90e56076d5a4905f_small.jpg', 'https://cdn.hstatic.net/files/1000061481/file/3_501672b937914b85bb8a96f232b4d613_2048x2048.jpg', 'https://cdn.hstatic.net/products/1000061481/nms_superflash_den_vang-03_9d596641a8724068a8e528a728df4949_small.jpg', 'https://cdn.hstatic.net/products/1000061481/nms_superflash_den_vang-04_a8705f0b0a8b44b3bcd2ca5e0a4fe3cd_1024x1024.jpg', 'https://cdn.hstatic.net/products/1000061481/nms_superflash_den_vang-05_efdd56abd1e640c288f183a35d245354_small.jpg', 'https://cdn.hstatic.net/products/1000061481/anh_sp_add-01-01-5777823-22_224230cbf2f04ae9bec5428d9d5fea3f_small.jpg', 'https://cdn.hstatic.net/products/1000061481/anh_sp_add-01-01-5777823-22_224230cbf2f04ae9bec5428d9d5fea3f_1024x1024.jpg']"
QU? BÓNG ÐÁ MOLTEN TIÊU CHU?N F5N3250,Molten,"999,000þ",,"['https://cdn.hstatic.net/products/1000061481/dsc07063_58c87e05503e41afa4ffd5c8d4c11a00_small.jpg', 'https://cdn.hstatic.net/products/1000061481/dsc07061_796546fd676d40b9a85ab8bb0f20d861_1024x1024.jpg', 'https://cdn.hstatic.net/files/1000061481/file/12312321_2048x2048.jpg', 'https://cdn.hstatic.net/products/1000061481/dsc07067_886b45e4cf854b35899b9f39cffddc23_small.jpg', 'https://cdn.hstatic.net/products/1000061481/dsc07061_796546fd676d40b9a85ab8bb0f20d861_small.jpg', 'https://cdn.hstatic.net/products/1000061481/dsc07062_020d3c83223e4fe4852760422f645e27_small.jpg', 'https://cdn.hstatic.net/products/1000061481/dsc07063_58c87e05503e41afa4ffd5c8d4c11a00_1024x1024.jpg', 'https://cdn.hstatic.net/files/1000061481/file/2737_2048x2048.jpg', 'https://cdn.hstatic.net/products/1000061481/dsc07062_020d3c83223e4fe4852760422f645e27_1024x1024.jpg', 'https://cdn.hstatic.net/products/1000061481/dsc07067_886b45e4cf854b35899b9f39cffddc23_1024x1024.jpg', 'https://cdn.hstatic.net/products/1000061481/10f6a2d49e244cc2bdcd4ea9067e7fa2_26501b220f4e41acb2b83e8335da0b56_small.jpg', 'https://cdn.hstatic.net/products/1000061481/dsc07065_22a5037ddc6448859a9e9f448c848425_small.jpg', 'https://cdn.hstatic.net/products/1000061481/dsc07065_22a5037ddc6448859a9e9f448c848425_1024x1024.jpg', 'https://cdn.hstatic.net/products/1000061481/10f6a2d49e244cc2bdcd4ea9067e7fa2_26501b220f4e41acb2b83e8335da0b56_1024x1024.jpg']"
GIÀY ÐÁ BÓNG C? NHÂN T?O NIKE AIR ZOOM MERCURIAL VAPOR 16 PRO TF MAX VOLTAGE - LIMELIGHT/VOLT/HYPER CRIMSON FQ8687-300,Nike,"3,719,000þ",,"['https://cdn.hstatic.net/products/1000061481/dsc07696_65cfc86539fc4fc28788246c4123bf4f_small.jpg', 'https://cdn.hstatic.net/products/1000061481/dsc07692_48c1def3ce054d1c93c658a5dfcaef02_small.jpg', 'https://cdn.hstatic.net/products/1000061481/anh_sp_add-01-01-01-04-07173-w3-2-2_3a138f05f53143289a25c9f6a2c53fb5_1024x1024.jpg', 'https://cdn.hstatic.net/products/1000061481/dsc07691_c7f8280f5811458c9291c9d42042ae4f_1024x1024.jpg', 'https://cdn.hstatic.net/products/1000061481/dsc07695_647fc35b969948788894e166c7aa022d_small.jpg', 'https://cdn.hstatic.net/files/1000061481/file/10_2adfffd79ccc4395b68e4afe8dcda17c_2048x2048.jpg', 'https://cdn.hstatic.net/products/1000061481/dsc07691_c7f8280f5811458c9291c9d42042ae4f_small.jpg', 'https://cdn.hstatic.net/files/1000061481/file/9_4b165ea2257e449ab945c36f4a45dc2f_2048x2048.jpg', 'https://cdn.hstatic.net/products/1000061481/dsc07694_84fd7bcb29cd4fecb384678e7819b74b_1024x1024.jpg', 'https://cdn.hstatic.net/files/1000061481/file/11_2e3fe256f428474b9fbbb3e13902ebff_2048x2048.jpg', 'https://cdn.hstatic.net/products/1000061481/dsc07690_95a5cd4abbeb49c88d04cc014fd25022_small.jpg', 'https://cdn.hstatic.net/products/1000061481/dsc07693_8f8ef4ca786c4a3cb3256e20fe4ce712_small.jpg', 'https://cdn.hstatic.net/products/1000061481/dsc07696_65cfc86539fc4fc28788246c4123bf4f_1024x1024.jpg', 'https://cdn.hstatic.net/products/1000061481/dsc07692_48c1def3ce054d1c93c658a5dfcaef02_1024x1024.jpg', 'https://cdn.hstatic.net/products/1000061481/dsc07690_95a5cd4abbeb49c88d04cc014fd25022_1024x1024.jpg', 'https://cdn.hstatic.net/products/1000061481/dsc07693_8f8ef4ca786c4a3cb3256e20fe4ce712_1024x1024.jpg', 'https://cdn.hstatic.net/products/1000061481/dsc07695_647fc35b969948788894e166c7aa022d_1024x1024.jpg', 'https://cdn.hstatic.net/products/1000061481/dsc07689_464efd0bd5bb473e9fda030b9c794008_1024x1024.jpg', 'https://cdn.hstatic.net/products/1000061481/dsc07689_464efd0bd5bb473e9fda030b9c794008_small.jpg', 'https://cdn.hstatic.net/products/1000061481/dsc07694_84fd7bcb29cd4fecb384678e7819b74b_small.jpg', 'https://cdn.hstatic.net/products/1000061481/anh_sp_add-01-01-01-04-07173-w3-2-2_3a138f05f53143289a25c9f6a2c53fb5_small.jpg']"
GIÀY ÐÁ BÓNG C? NHÂN T?O NMS MAESTRI 1.0 TF - NEON GREEN/ORANGE MAE1200,NMS,"729,000þ",,"['https://cdn.hstatic.net/products/1000061481/nms_maestri-06_338e0c9869a1402c911520073d6cb0a5_small.jpg', 'https://cdn.hstatic.net/products/1000061481/nms_maestri-03_a7eab56ffbde4e0a8cc3490739be5765_1024x1024.jpg', 'https://cdn.hstatic.net/files/1000061481/file/15_103df8e59f5944f693c383836d2411db_2048x2048.jpg', 'https://cdn.hstatic.net/products/1000061481/nms_maestri-04_a6bdfb6618dd427ba7a3458844c1ef0c_1024x1024.jpg', 'https://cdn.hstatic.net/products/1000061481/nms_maestri-04_a6bdfb6618dd427ba7a3458844c1ef0c_small.jpg', 'https://cdn.hstatic.net/products/1000061481/anh_sp_ad78d-01-03_e30585d8d61d417783006d258bf99342_1024x1024.jpg', 'https://cdn.hstatic.net/products/1000061481/nms_maestri-02_afa425d2f9684b03b236af4b8a51182b_1024x1024.jpg', 'https://cdn.hstatic.net/products/1000061481/nms_maestri-02_afa425d2f9684b03b236af4b8a51182b_small.jpg', 'https://cdn.hstatic.net/files/1000061481/file/13_3cd7765158cd4828a5739b4d349427c2_2048x2048.jpg', 'https://cdn.hstatic.net/1000061481/file/bang_tinh_size_giay_nms-01_fdcbd7996cb845d291d7ab89de5ea9c5_2048x2048.jpg', 'https://cdn.hstatic.net/products/1000061481/avatar_nms_maestri2-03_6bc682bf1f6f4fb2a470dca04c7e7542_small.jpg', 'https://cdn.hstatic.net/products/1000061481/nms_maestri-05_213b1bd3bbfc46398cec8ba51b646258_small.jpg', 'https://cdn.hstatic.net/products/1000061481/nms_maestri-01_3991d7d919d84448ae47f014db83fa0d_small.jpg', 'https://cdn.hstatic.net/products/1000061481/avatar_nms_maestri2-03_6bc682bf1f6f4fb2a470dca04c7e7542_1024x1024.jpg', 'https://cdn.hstatic.net/products/1000061481/anh_sp_ad78d-01-03_e30585d8d61d417783006d258bf99342_small.jpg', 'https://cdn.hstatic.net/products/1000061481/nms_maestri-03_a7eab56ffbde4e0a8cc3490739be5765_small.jpg', 'https://cdn.hstatic.net/products/1000061481/nms_maestri-01_3991d7d919d84448ae47f014db83fa0d_1024x1024.jpg', 'https://cdn.hstatic.net/products/1000061481/nms_maestri-06_338e0c9869a1402c911520073d6cb0a5_1024x1024.jpg', 'https://cdn.hstatic.net/products/1000061481/nms_maestri-05_213b1bd3bbfc46398cec8ba51b646258_1024x1024.jpg', 'https://cdn.hstatic.net/files/1000061481/file/14_728afdb59e1245eb9cfc7a4fe9c58726_2048x2048.jpg']"
GIÀY ÐÁ BÓNG C? NHÂN T?O NMS MAESTRI 1.0 TF - CRIMSON/MINT MAE1500,NMS,"729,000þ",,"['https://cdn.hstatic.net/products/1000061481/nms_maestri_do-06_0c8628095b7a42519853c3b60d7d8cd7_1024x1024.jpg', 'https://cdn.hstatic.net/products/1000061481/avatar_nms_maestri2-03_6f2455ee953a4fc6acc15d44f36eb1cf_1024x1024.jpg', 'https://cdn.hstatic.net/products/1000061481/nms_maestri_do-03_45816ac9372442ddbb754f85a29cf40b_1024x1024.jpg', 'https://cdn.hstatic.net/1000061481/file/bang_tinh_size_giay_nms-01_fdcbd7996cb845d291d7ab89de5ea9c5_2048x2048.jpg', 'https://cdn.hstatic.net/files/1000061481/file/8_b83851239f784187b969aaf2e9b13e1f_2048x2048.jpg', 'https://cdn.hstatic.net/products/1000061481/nms_maestri_do-01_472f0884926b440fa4ed749d59bfedb2_1024x1024.jpg', 'https://cdn.hstatic.net/files/1000061481/file/9_79c64e8c071147c6a4a953376b705268_2048x2048.jpg', 'https://cdn.hstatic.net/products/1000061481/nms_maestri_do-02_de06a8aaef68423c9caaba0bf67ade98_1024x1024.jpg', 'https://cdn.hstatic.net/files/1000061481/file/7_20987f1a5371475091d9095b3932bd02_2048x2048.jpg', 'https://cdn.hstatic.net/products/1000061481/anh_sp_ad78d-01-0893_c0bc36769f104780ad58d4e93d32e86c_1024x1024.jpg', 'https://cdn.hstatic.net/products/1000061481/nms_maestri_do-04_b822e3a1306a489db4255aaf3068d87f_1024x1024.jpg', 'https://cdn.hstatic.net/products/1000061481/nms_maestri_do-05_b8ec8cdbf6c94c24aa7e97c9b663d008_1024x1024.jpg']"
GIÀY ÐÁ BÓNG C? NHÂN T?O MIZUNO MORELIA NEO SALA BETA MADE IN JAPAN TF - WHITE LIMITED EDITION Q1GB254009,Mizuno,"4,300,000þ",,"['https://cdn.hstatic.net/products/1000061481/dsc07364_13ef9a8cc8e347c184c0c30d0d6e5f01_small.jpg', 'https://cdn.hstatic.net/products/1000061481/dsc07360_b94fb5fb0ac34014ba6d0c32662ad2f9_small.jpg', 'https://cdn.hstatic.net/products/1000061481/dsc07362_c99334a77add4595b40dd3c733c700b8_1024x1024.jpg', 'https://cdn.hstatic.net/products/1000061481/dsc07359_12b15cb315a047c99d629fe9cdd230a1_1024x1024.jpg', 'https://cdn.hstatic.net/products/1000061481/dsc07360_b94fb5fb0ac34014ba6d0c32662ad2f9_1024x1024.jpg', 'https://cdn.hstatic.net/files/1000061481/file/24_f7d2e889cc0840bcbc165a04dfef9462_2048x2048.jpg', 'https://cdn.hstatic.net/products/1000061481/dsc07365_ecddefeaa30344e8bbd83bceab54d843_1024x1024.jpg', 'https://cdn.hstatic.net/products/1000061481/dsc07358_0bd039d559734a5c8d6dd1739a7c33bb_1024x1024.jpg', 'https://cdn.hstatic.net/products/1000061481/dsc07362_c99334a77add4595b40dd3c733c700b8_small.jpg', 'https://cdn.hstatic.net/products/1000061481/dsc07361_0697eb4751124a68b9f31f97d2482fd3_1024x1024.jpg', 'https://cdn.hstatic.net/products/1000061481/dsc07361_0697eb4751124a68b9f31f97d2482fd3_small.jpg', 'https://cdn.hstatic.net/products/1000061481/anh_sp_add_web_4-02-02-01-01-01-01-01-02-02-02-02-02-02-001-02-01-2-2_66e5a26f48a14e419f085f2ccc23b33b_small.jpg', 'https://cdn.hstatic.net/products/1000061481/dsc07364_13ef9a8cc8e347c184c0c30d0d6e5f01_1024x1024.jpg', 'https://cdn.hstatic.net/products/1000061481/dsc07365_ecddefeaa30344e8bbd83bceab54d843_small.jpg', 'https://cdn.hstatic.net/files/1000061481/file/26_1036b0b726dc49279e03001ab50facb4_2048x2048.jpg', 'https://cdn.hstatic.net/products/1000061481/dsc07359_12b15cb315a047c99d629fe9cdd230a1_small.jpg', 'https://cdn.hstatic.net/products/1000061481/dsc07358_0bd039d559734a5c8d6dd1739a7c33bb_small.jpg', 'https://cdn.hstatic.net/products/1000061481/dsc07363_a33286d4042b4d0a985aa4d199108e62_small.jpg', 'https://cdn.hstatic.net/files/1000061481/file/27_5c617939a4b74280859a1da59713a393_2048x2048.jpg', 'https://cdn.hstatic.net/files/1000061481/file/25_26a330c3a2cb40179b7fd6876b6e65ae_2048x2048.jpg', 'https://cdn.hstatic.net/products/1000061481/anh_sp_add_web_4-02-02-01-01-01-01-01-02-02-02-02-02-02-001-02-01-2-2_66e5a26f48a14e419f085f2ccc23b33b_1024x1024.jpg', 'https://cdn.hstatic.net/products/1000061481/dsc07363_a33286d4042b4d0a985aa4d199108e62_1024x1024.jpg']"
GIÀY ÐÁ BÓNG C? T? NHIÊN ADIDAS F50 LEAGUE FG/AG CORAL BLAZE - BEAM ORANGE/LUCID BLUE/FOOTWEAR WHITE JI0004,Adidas,"2,400,000þ",,"['https://cdn.hstatic.net/products/1000061481/dsc07736_2e70c09380ba4d3894a3cd2049fc4a71_1024x1024.jpg', 'https://cdn.hstatic.net/products/1000061481/dsc07738_bf8d22e0b58549b0b1a81c5bfa6ecb0d_1024x1024.jpg', 'https://cdn.hstatic.net/products/1000061481/anh_sp_add_web_3-1701-01-01-04-01-2_1ea76707d1074f219ce903b518e72730_small.jpg', 'https://cdn.hstatic.net/products/1000061481/dsc07743_bb8b290e02794e79b002795fb15f4fcd_small.jpg', 'https://cdn.hstatic.net/files/1000061481/file/8_90ade0bfffad480ea2fe9f4b18481651_2048x2048.jpg', 'https://cdn.hstatic.net/products/1000061481/dsc07740_9dddb9ebb3be486888aea600475751a1_1024x1024.jpg', 'https://cdn.hstatic.net/products/1000061481/dsc07736_2e70c09380ba4d3894a3cd2049fc4a71_small.jpg', 'https://cdn.hstatic.net/products/1000061481/dsc07738_bf8d22e0b58549b0b1a81c5bfa6ecb0d_small.jpg', 'https://cdn.hstatic.net/products/1000061481/dsc07742_1e8f43d058ad43d69003a55947da6b8c_1024x1024.jpg', 'https://cdn.hstatic.net/products/1000061481/dsc07739_ec52c7659eaf47ee997a40e0260bab3e_small.jpg', 'https://cdn.hstatic.net/files/1000061481/file/7_be035e68ded8479fbb9bf213d902b455_2048x2048.jpg', 'https://cdn.hstatic.net/products/1000061481/dsc07740_9dddb9ebb3be486888aea600475751a1_small.jpg', 'https://cdn.hstatic.net/products/1000061481/dsc07737_4b90319415394ca09dba416b0d81f7c2_small.jpg', 'https://cdn.hstatic.net/products/1000061481/dsc07744_0bf221d0e9f44bc0a44f1f871274bbee_1024x1024.jpg', 'https://cdn.hstatic.net/products/1000061481/dsc07743_bb8b290e02794e79b002795fb15f4fcd_1024x1024.jpg', 'https://cdn.hstatic.net/products/1000061481/dsc07742_1e8f43d058ad43d69003a55947da6b8c_small.jpg', 'https://cdn.hstatic.net/products/1000061481/dsc07737_4b90319415394ca09dba416b0d81f7c2_1024x1024.jpg', 'https://cdn.hstatic.net/products/1000061481/dsc07744_0bf221d0e9f44bc0a44f1f871274bbee_small.jpg', 'https://cdn.hstatic.net/products/1000061481/anh_sp_add_web_3-1701-01-01-04-01-2_1ea76707d1074f219ce903b518e72730_1024x1024.jpg', 'https://cdn.hstatic.net/products/1000061481/dsc07739_ec52c7659eaf47ee997a40e0260bab3e_1024x1024.jpg']"
